Nombre,Club,Minutos,Goles,Asistencias,Amarillas,Rojas
Antonio Adan,Atletico Madrid,25,0,0,0,0
Aritz Aduriz,Athletic Club,208,1,0,3,0
Lumor Agbenyenu,Mallorca,1805,1,0,5,1
Martin Agirregabiria,Alaves,2099,1,1,5,1
Joseph Aidoo,Celta Vigo,2502,0,1,4,0
Jordi Alba,Barcelona,2187,2,5,7,0
Raul Albiol,Villarreal,3237,1,0,9,0
Paco Alcacer,Villarreal,924,4,1,1,0
Ruben Alcaraz,Valladolid,1927,2,2,10,0
Alex Alegria,Mallorca,109,0,0,0,0
Carles Alenha,Betis,735,1,0,1,0
Carles Alenha,Barcelona,172,0,0,0,0
Sergio Alvarez,Eibar,1147,0,0,6,0
Sergio Alvarez,Celta Vigo,180,0,0,3,0
Yeray Alvarez,Athletic Club,2810,0,0,2,0
Ibrahim Amadou,Leganes,770,0,0,2,0
Amath,Getafe,66,0,0,0,0
Miguel Angel Guerrero,Leganes,790,1,0,0,0
Miguel Angel Moya,Real Sociedad,1170,0,0,0,0
Jose Angel,Eibar,2360,1,1,4,0
Antonhito,Valladolid,1029,0,0,1,0
Vitorino Antunes,Getafe,6,0,0,0,0
Anuar,Valladolid,189,0,0,1,0
Mauro Arambarri,Getafe,3069,1,1,11,1
Nestor Araujo,Celta Vigo,2888,1,2,10,0
Ronald Araujo,Barcelona,238,0,0,0,1
Anaitz Arbilla,Eibar,2007,1,0,5,0
Alphonse Areola,Real Madrid,360,0,0,1,0
Santiago Arias,Atletico Madrid,1076,0,1,1,0
Jose Arnaiz,Osasuna,791,2,1,2,0
Jose Arnaiz,Leganes,337,0,0,2,0
Sergio Asenjo,Villarreal,3060,0,0,2,0
Marco Asensio,Real Madrid,336,3,1,0,0
Iago Aspas,Celta Vigo,3262,14,3,9,0
Roger Assale,Leganes,531,2,1,1,0
Miguel Atienza,Eibar,30,0,0,0,0
Ezequiel Avila,Osasuna,1591,9,2,6,0
Javier Aviles,Leganes,184,1,1,1,0
Chidozie Awaziem,Leganes,1997,0,0,10,0
Ramon Azeez,Granada,1361,2,0,3,0
Iddrisu Baba,Mallorca,2903,0,0,6,0
Carlos Bacca,Villarreal,688,2,1,1,0
Alejandro Baena,Villarreal,15,0,0,0,0
Gareth Bale,Real Madrid,1089,2,2,4,1
Mikel Balenziaga,Athletic Club,563,0,0,1,0
Ever Banega,Sevilla,2475,3,7,10,0
Federico Barba,Valladolid,450,0,0,3,0
Enis Bardhi,Levante,2114,7,2,5,0
Kike Barja,Osasuna,313,0,1,0,0
Antonio Barragan,Betis,641,0,1,3,0
Ander Barrenetxea,Real Sociedad,442,0,0,1,0
Marc Bartra,Betis,2524,3,1,8,0
Gil Bastiao Dias,Granada,356,0,1,1,0
Fran Beltran,Celta Vigo,1830,1,0,2,1
Hatem Ben Arfa,Valladolid,159,0,0,1,0
Karim Benzema,Real Madrid,3141,21,8,0,0
Yuri Berchiche,Athletic Club,2850,2,1,7,0
Markel Bergara,Getafe,72,0,0,2,0
Sergio Bermejo,Celta Vigo,5,0,0,0,0
Pedro Bigas,Eibar,1777,3,0,2,0
Ruben Blanco,Celta Vigo,2960,0,0,4,0
Pablo de Blasis,Eibar,1604,2,3,1,0
Alejandro Blesa,Levante,2,0,0,0,0
Yassine Bounou,Sevilla,495,0,1,1,0
Filip Bradaric,Celta Vigo,706,0,0,2,1
Martin Braithwaite,Barcelona,407,1,0,1,0
Martin Braithwaite,Leganes,1934,6,1,3,0
Brandon,Osasuna,406,0,1,4,0
Darko Brasanac,Osasuna,2245,0,1,8,0
Yan Brice Eteki,Granada,1499,0,0,4,0
Bryan,Leganes,558,1,0,2,0
Bryan,Sevilla,65,0,0,2,0
Ante Budimir,Mallorca,2765,13,2,12,0
Esteban Burgos,Eibar,1119,1,0,3,0
Burgui,Alaves,22,0,0,0,0
Oliver Burke,Alaves,1429,1,2,2,0
Sergio Busquets,Barcelona,2483,2,2,9,0
Unai Bustinza,Leganes,2684,0,1,8,0
Erick Cabaco,Getafe,267,0,0,0,0
Erick Cabaco,Levante,809,0,0,4,0
Ariday Cabrera,Mallorca,37,0,0,0,0
Leandro Cabrera,Espanyol,1530,0,1,2,0
Leandro Cabrera,Getafe,1530,2,0,3,0
Fernando Calero,Espanyol,1043,0,0,4,1
Jonathan Calleri,Espanyol,1811,1,3,6,1
Victor Camarasa,Alaves,1293,0,1,1,0
Sergio Camello,Atletico Madrid,25,0,0,0,0
Jose Campanha,Levante,3156,2,7,4,1
Xisco Campos,Mallorca,473,0,1,2,0
Victor Campuzano,Espanyol,870,0,0,2,0
Sergio Canales,Betis,3163,6,6,5,0
Ander Capa,Athletic Club,2872,3,4,10,0
Marc Cardona,Osasuna,705,1,2,1,0
Diego Carlos,Sevilla,3134,2,0,7,0
Yannick Carrasco,Atletico Madrid,631,1,2,2,0
Daniel Carrico,Sevilla,847,0,0,3,0
Guido Carrillo,Leganes,1213,1,2,2,0
Dani Carvajal,Real Madrid,2738,1,5,11,0
William Carvalho,Betis,892,0,0,6,1
Casemiro,Real Madrid,3088,4,3,12,0
Santi Cazorla,Villarreal,2450,11,9,3,0
Sofian Chakla,Villarreal,180,0,0,1,0
Charles,Eibar,1301,6,0,8,0
Pablo Chavarria,Mallorca,209,0,0,1,0
Pape Cheikh Diop,Celta Vigo,599,0,1,5,1
Chema,Getafe,309,0,0,4,0
Denis Cheryshev,Valencia,926,1,2,5,0
Samuel Chukwueze,Villarreal,2020,3,2,2,0
Churripi,Valladolid,244,0,0,0,0
Jasper Cillessen,Valencia,2096,0,1,1,0
Oscar Clemente,Atletico Madrid,4,0,0,0,0
Carlos Clerc,Levante,1848,0,2,4,0
Coke,Levante,989,1,0,3,0
Alex Collado,Barcelona,6,0,0,0,0
Francis Coquelin,Valencia,1905,0,0,8,1
Sebastien Corchia,Espanyol,269,0,0,1,0
Inhigo Cordoba,Athletic Club,1442,1,4,4,0
Angel Correa,Atletico Madrid,2061,5,6,5,0
Rober Correa,Eibar,929,0,0,3,0
Thierry Correia,Valencia,259,0,0,0,0
Antonio Cortes,Granada,181,1,0,2,0
Diego Costa,Atletico Madrid,1350,5,4,5,0
Jaume Costa,Valencia,1389,0,1,2,1
David Costas,Celta Vigo,338,0,0,1,0
Thibaut Courtois,Real Madrid,3060,0,0,1,0
Sebastian Cristoforo,Eibar,877,0,0,1,0
Cucho,Mallorca,1487,5,1,5,1
Marc Cucurella,Getafe,3237,1,5,9,0
Ivan Cuellar,Leganes,2429,0,0,4,1
Moanes Dabour,Sevilla,26,0,0,0,0
Sergi Darder,Espanyol,2658,2,1,4,0
Ousmane Dembele,Barcelona,357,1,0,1,1
Deyverson,Getafe,204,0,1,2,0
Mouctar Diakhaby,Valencia,1444,0,0,5,0
Brahim Diaz,Real Madrid,65,0,0,1,0
Victor Diaz,Granada,2884,1,5,4,0
Papakouli Diop,Eibar,2253,1,0,7,0
Djene,Getafe,3060,0,0,5,0
Nais Djouahra,Real Sociedad,29,0,1,0,0
Marko Dmitrovic,Eibar,3150,0,0,3,0
Jaume Domenech,Valencia,1324,0,0,1,0
Domingos Duarte,Granada,3087,3,1,7,0
Oscar Duarte,Levante,485,0,0,0,0
Ruben Duarte,Alaves,2663,0,1,11,0
Hugo Duro,Getafe,378,1,1,3,0
Aritz Elustondo,Real Sociedad,1510,0,1,4,0
Rodrigo Ely,Alaves,2121,2,0,9,1
Adri Embarba,Espanyol,1371,2,4,4,0
Emerson,Betis,2839,3,6,11,0
Youssef En-Nesyri,Leganes,1385,4,2,2,0
Youssef En-Nesyri,Sevilla,796,4,0,1,0
Sergi Enrich,Eibar,1865,1,4,6,0
Javier Eraso,Leganes,815,0,0,3,0
Gonzalo Escalante,Eibar,1674,0,1,9,1
Aaron Escandell,Granada,270,0,0,0,0
Sergio Escudero,Sevilla,773,1,0,2,0
Bernardo Espinosa,Espanyol,2259,3,0,5,1
Esquerdo,Valencia,15,0,0,0,0
Pervis Estupinhan,Osasuna,2979,1,5,8,0
Oghenekaro Etebo,Getafe,572,1,0,4,0
Benhat Etxebarria,Athletic Club,394,0,0,0,0
Xabier Etxeita,Getafe,1446,0,0,7,0
Edu Exposito,Eibar,2316,4,1,3,0
Fabricio,Mallorca,90,0,0,1,0
Faycal Fajr,Getafe,403,0,0,2,0
Eliseo Falcon,Levante,73,0,0,2,1
Ansu Fati,Barcelona,1027,7,1,2,1
Aleix Febas,Mallorca,1690,0,3,4,0
Zouhair Feddal,Betis,1431,1,2,10,2
Ljubomir Fejsa,Alaves,786,0,0,2,0
Nabil Fekir,Betis,2638,7,4,10,2
Felipe,Atletico Madrid,2102,1,0,7,0
Joao Felix,Atletico Madrid,1745,6,1,6,0
Matheus Fernandes,Valladolid,166,0,0,0,0
Aitor Fernandez,Levante,3240,0,0,2,0
Andres Fernandez,Villarreal,384,0,1,1,0
Carlos Fernandez,Granada,2201,10,3,8,0
Gabriel Fernandez,Celta Vigo,561,1,1,5,1
Joaquin Fernandez,Valladolid,1659,2,0,9,0
Fernando,Sevilla,2659,2,3,13,0
Facundo Ferreyra,Espanyol,574,1,0,2,0
Junior Firpo,Barcelona,1014,1,1,5,0
Alessandro Florenzi,Valencia,752,0,0,1,1
Hernani Fortes,Levante,654,2,0,3,1
Dimitri Foulquier,Granada,1119,1,0,4,0
Jorge de Frutos,Valladolid,59,0,0,0,0
Ramiro Funes Mori,Villarreal,453,0,0,1,0
Enric Gallego,Osasuna,880,3,0,5,1
Enric Gallego,Getafe,164,0,0,0,0
Kevin Gameiro,Valencia,1581,6,2,0,0
Fran Gamez,Mallorca,1768,0,1,5,0
Ezequiel Garay,Valencia,1437,0,0,2,0
Dani Garcia,Athletic Club,3029,0,1,11,0
David Garcia,Osasuna,2793,0,0,7,0
Javi Garcia,Betis,377,0,0,2,0
Manu Garcia,Alaves,1967,0,0,11,1
Raul Garcia,Valladolid,1012,0,1,2,0
Raul Garcia,Athletic Club,2869,15,1,11,0
Raul Garcia,Getafe,243,0,0,0,0
Ruben Garcia,Osasuna,2188,8,2,6,0
Unai Garcia,Osasuna,536,1,0,0,0
Victor Garcia,Valladolid,88,1,0,0,0
Manuel Garrido,Leganes,115,0,0,1,0
Mario Gaspar,Villarreal,1962,0,2,2,0
Jose Antonio Martinez Gil,Granada,1191,0,1,0,0
Ibai Gomez,Athletic Club,695,0,0,0,0
Maxi Gomez,Valencia,2143,9,2,5,0
Moi Gomez,Villarreal,2319,5,4,1,0
Sergi Gomez,Sevilla,717,0,0,4,0
Maxime Gonalons,Granada,1506,0,0,7,0
Bruno Gonzalez,Levante,456,0,0,0,0
Bruno Gonzalez,Getafe,180,0,0,1,0
Edgar Gonzalez,Betis,681,0,0,3,0
Andoni Gorosabel,Real Sociedad,714,0,0,2,0
Esteban Granero,Espanyol,473,1,0,5,0
Antoine Griezmann,Barcelona,2549,9,4,2,0
Andres Guardado,Betis,2046,0,3,9,0
Sergi Guardiola,Valladolid,2655,8,2,6,0
Nemanja Gudelj,Sevilla,1216,0,0,6,0
Goncalo Guedes,Valencia,1266,2,2,3,0
Adrian Guerrero,Valencia,126,0,0,1,0
Ander Guevara,Real Sociedad,939,0,0,4,0
John Guidetti,Alaves,96,0,0,0,0
Hugo Guillamon,Valencia,495,0,0,3,0
Ismael Gutierrez,Betis,83,0,0,1,0
Munir El Haddadi,Sevilla,1250,5,2,1,0
Eden Hazard,Real Madrid,1077,1,3,0,0
Mario Hermoso,Atletico Madrid,1217,0,0,3,1
Aridane Hernandez,Osasuna,2610,3,0,8,0
Javier Hernandez,Sevilla,448,1,0,0,0
Juan Hernandez,Celta Vigo,87,0,0,0,0
Hector Herrera,Atletico Madrid,1123,0,2,1,0
Sergio Herrera,Osasuna,1655,0,0,2,1
Yangel Herrera,Granada,2368,2,3,14,0
Iago Herrerin,Athletic Club,425,0,0,0,0
Pablo Hervias,Valladolid,1017,1,0,1,0
Robert Ibanhez,Osasuna,537,1,0,3,0
Vicente Iborra,Villarreal,2648,1,2,10,1
Borja Iglesias,Betis,1922,3,2,3,1
Asier Illarramendi,Real Sociedad,216,0,0,0,0
Takashi Inui,Eibar,1960,2,3,2,0
Alexander Isak,Real Sociedad,1507,9,1,3,0
Isco,Real Madrid,1181,1,2,2,0
Ander Iturraspe,Espanyol,242,0,0,1,0
Jacobo,Celta Vigo,83,0,0,1,0
Adnan Januzaj,Real Sociedad,1167,3,3,3,0
Jason,Getafe,1175,1,4,5,0
Joaquin,Betis,2060,8,3,4,0
Frenkie de Jong,Barcelona,2115,2,2,3,1
Luuk de Jong,Sevilla,2059,6,1,2,0
Joan Jordan,Sevilla,2254,2,2,7,0
Willian Jose,Real Sociedad,2011,11,1,4,0
Joselu,Alaves,2782,11,2,6,0
Luka Jovic,Real Madrid,430,2,1,2,0
Juanmi,Betis,264,1,0,2,1
David Junca,Celta Vigo,258,0,0,1,0
Lago Junior,Mallorca,2188,4,0,3,0
Vinicius Junior,Real Madrid,1364,3,1,4,0
Lee Kangin,Valencia,454,2,0,1,2
Wilfrid Kaptoum,Betis,194,0,0,1,0
Kenedy,Getafe,586,1,3,2,0
Kike,Eibar,1767,5,1,2,0
Giorgi Kochorashvili,Levante,2,0,0,0,0
Kenan Kodro,Athletic Club,364,1,0,0,0
Koke,Atletico Madrid,2698,4,5,5,0
Geoffrey Kondogbia,Valencia,1807,1,1,5,0
Jules Kounde,Sevilla,2309,1,1,6,0
Leonardo Koutris,Mallorca,93,0,0,0,0
Ismail Koybasi,Granada,231,0,0,1,0
Toni Kroos,Real Madrid,2652,4,5,2,0
Takefusa Kubo,Mallorca,2312,4,4,4,0
Victor Laguardia,Alaves,2654,1,2,9,1
Diego Lainez,Betis,348,0,0,0,0
Larra,Athletic Club,250,0,0,0,0
Toni Lato,Osasuna,470,1,0,3,0
Robin Le Normand,Real Sociedad,2394,1,0,6,0
Wu Lei,Espanyol,1719,4,0,3,0
Inhigo Lekue,Athletic Club,623,0,1,0,0
Thomas Lemar,Atletico Madrid,925,0,0,2,0
Clement Lenglet,Barcelona,2424,2,1,11,2
Pedro Leon,Eibar,1896,1,2,4,0
Sergio Leon,Levante,672,1,0,2,0
Lillo,Osasuna,195,0,0,2,0
Diego Llorente,Real Sociedad,2327,1,1,7,1
Marcos Llorente,Atletico Madrid,1368,3,3,4,0
Stanislav Lobotka,Celta Vigo,1383,0,0,1,0
Renan Lodi,Atletico Madrid,2396,1,2,6,1
Rony Lopes,Sevilla,134,0,0,0,0
Adrian Lopez,Osasuna,1443,2,0,0,0
David Lopez,Espanyol,2455,4,2,5,1
Diego Lopez,Espanyol,3232,0,0,5,1
Javi Lopez,Alaves,90,0,0,0,0
Javi Lopez,Espanyol,1384,0,0,5,1
Lluis Lopez,Espanyol,300,0,0,1,0
Roberto Lopez,Real Sociedad,24,0,1,0,0
Unai Lopez,Athletic Club,1787,1,4,6,0
Iker Losada,Celta Vigo,13,1,0,0,0
Pol Lozano,Espanyol,173,0,0,0,1
Jose Luis Gaya,Valencia,1988,0,1,5,0
Jose Luis Morales,Levante,2519,4,2,3,0
Jose Luis Rodriguez,Alaves,22,0,0,0,0
Darwin Machis,Granada,2129,7,5,5,0
Lisandro Magallan,Alaves,1197,1,1,4,0
Abdallahi Mahmoud,Alaves,152,0,0,1,0
Nemanja Maksimovic,Getafe,2895,2,0,5,0
Hugo Mallo,Celta Vigo,1965,0,1,7,0
Aissa Mandi,Betis,2576,0,0,9,0
Eliaquim Mangala,Valencia,673,0,0,3,1
Marcelo,Real Madrid,1296,1,2,2,0
Oscar de Marcos,Athletic Club,541,0,1,1,0
Miguel Mari,Eibar,6,0,0,0,0
Jose Maria Gimenez,Atletico Madrid,1755,0,0,2,0
Mariano,Real Madrid,45,1,0,1,0
Adrian Marin,Alaves,852,0,0,1,0
Guillermo Maripan,Alaves,90,0,0,0,0
Roger Marti,Levante,2267,11,1,6,1
Daniel Martin,Betis,531,0,0,0,0
Alex Martinez,Granada,15,0,0,1,0
Inhigo Martinez,Athletic Club,2970,1,1,10,0
Javi Martinez,Osasuna,10,0,0,0,0
Pablo Martinez,Levante,33,0,0,0,0
Jordi Masip,Valladolid,3150,0,0,2,0
Jaime Mata,Getafe,2747,11,3,14,0
Borja Mayoral,Levante,2140,8,2,2,0
Oscar Melendo,Espanyol,1115,0,0,0,0
Gonzalo Melero,Levante,1236,2,1,4,0
Arthur Melo,Barcelona,1182,3,3,1,0
Brais Mendez,Celta Vigo,1477,0,2,4,0
Edgar Mendez,Alaves,864,1,0,3,0
Ferland Mendy,Real Madrid,1809,1,3,8,1
Fran Merida,Osasuna,1161,0,1,9,1
Mikel Merino,Real Sociedad,3139,5,1,9,0
Sabin Merino,Leganes,78,0,0,0,0
Roque Mesa,Leganes,2012,1,3,11,0
Lionel Messi,Barcelona,2880,25,21,4,0
Michel,Valladolid,2178,1,2,6,0
Miguel,Valladolid,232,0,0,1,0
Eder Militao,Real Madrid,1022,0,0,3,0
Santi Mina,Celta Vigo,1944,6,3,4,0
Jorge Miramon,Levante,2432,0,3,4,1
Luka Modric,Real Madrid,1996,3,7,7,1
Jorge Molina,Getafe,1886,5,3,6,1
Jon Moncayola,Osasuna,1496,1,0,4,0
Nacho Monreal,Real Sociedad,2390,2,0,3,0
Joan Monterde Raygal,Levante,9,0,0,0,0
Angel Montoro,Granada,973,2,5,6,0
Alvaro Morata,Atletico Madrid,2098,12,2,6,1
Alberto Moreno,Villarreal,1471,0,0,6,0
Alex Moreno,Betis,2265,0,4,5,0
Gerard Moreno,Villarreal,2744,18,5,5,0
Manu Morlanes,Villarreal,253,0,1,0,0
Loren Moron,Betis,2031,10,3,2,1
Toni Moya,Atletico Madrid,4,0,0,0,0
Javi Moyano,Valladolid,2227,0,0,4,0
Iker Muniain,Athletic Club,2382,5,2,4,1
Aihen Munhoz,Real Sociedad,981,0,0,1,0
Javier Munhoz,Alaves,52,0,0,0,0
Jeison Murillo,Celta Vigo,1529,1,0,5,0
Nacho,Real Madrid,439,1,0,3,0
Nacho,Valladolid,1893,0,2,2,0
Naldo,Espanyol,1332,0,1,8,1
Marc Navarro,Leganes,219,0,0,1,0
Ximo Navarro,Alaves,1903,0,0,8,0
Jesus Navas,Sevilla,3369,0,7,4,0
Raul Navas,Osasuna,711,0,0,2,0
Neto,Barcelona,180,0,0,0,0
Carlos Neva,Granada,2205,0,1,2,0
Saul NHiguez,Atletico Madrid,3072,6,0,10,0
Fernando Ninho,Villarreal,83,1,0,1,0
Nolito,Celta Vigo,324,2,1,3,1
Nolito,Sevilla,898,3,0,0,0
Unai Nunhez,Athletic Club,1572,0,0,7,0
Allan Nyom,Getafe,2422,2,0,13,2
Jan Oblak,Atletico Madrid,3395,0,0,0,0
Rafael Obrador,Mallorca,4,0,0,0,0
Lucas Ocampos,Sevilla,2745,14,3,10,1
Alvaro Odriozola,Real Madrid,343,0,1,3,1
Lucas Olaza,Celta Vigo,3144,1,3,5,0
Oier Olazabal,Espanyol,180,0,0,0,0
Kiko Olivas,Valladolid,2943,2,0,2,0
Paulo Oliveira,Eibar,2090,1,0,7,1
Mathias Olivera,Getafe,1870,0,1,7,1
Kenneth Omeruo,Leganes,1874,1,0,5,0
Javier Ontiveros,Villarreal,889,2,1,2,0
Fabian Orellana,Eibar,2390,8,7,9,1
Aimar Oroz,Osasuna,11,0,0,0,0
Mikel Oyarzabal,Real Sociedad,3051,10,11,4,0
Fernando Pacheco,Alaves,2358,0,0,0,1
Jon Pacheco,Real Sociedad,77,0,0,0,0
Daniel Parejo,Valencia,3024,8,3,6,1
Miquel Parera,Mallorca,90,0,0,0,0
Thomas Partey,Atletico Madrid,2549,3,0,13,0
Paulino,Alaves,75,0,0,0,0
Gabriel Paulista,Valencia,2801,1,1,5,0
Alfonso Pedraza,Betis,1349,1,0,3,0
Marc Pedraza,Mallorca,130,0,0,0,0
Pedrosa,Espanyol,1087,1,0,3,0
Ruben Penha,Villarreal,1909,2,2,5,0
Luis Perea,Osasuna,21,0,0,0,0
Victor Perea,Espanyol,1270,0,0,2,0
Gonzalo Pereira Cejudo,Levante,13,0,0,0,0
Carles Perez,Barcelona,476,1,2,0,0
Inhigo Perez,Osasuna,1082,2,1,4,0
Juan Perez,Osasuna,180,0,0,0,0
Kike Perez,Valladolid,218,0,0,1,0
Lucas Perez,Alaves,2496,11,5,4,0
Ruben Perez,Leganes,2194,1,1,9,0
Samuel Perez,Valladolid,26,0,0,0,0
Pablo Piatti,Espanyol,56,0,0,0,0
Cristiano Piccini,Valencia,75,0,0,0,0
Tomas Pina Isla,Alaves,1344,1,0,6,1
Pipa,Espanyol,473,0,0,3,0
Gerard Pique,Barcelona,3092,1,0,15,0
Oscar Plano,Valladolid,2505,4,2,6,0
Pere Pons,Alaves,1088,1,1,3,0
Pedro Porro,Valladolid,739,0,0,1,0
Francisco Portillo,Getafe,376,0,2,3,0
Portu,Real Sociedad,2393,7,7,5,0
Sergio Postigo,Levante,2374,1,1,6,0
Florent Poulolo,Getafe,1,0,0,0,0
Dario Poveda,Atletico Madrid,8,0,0,0,0
Alejandro Pozo Pozo,Mallorca,1498,1,2,0,0
Alejandro Pozo Pozo,Sevilla,37,0,0,0,0
Abdon Prats,Mallorca,279,0,0,1,0
Antonio Puertas,Granada,2563,7,3,7,0
Riqui Puig,Barcelona,510,0,2,1,0
Quini,Granada,718,0,0,2,0
Xavi Quintilla,Villarreal,1573,0,2,6,0
Quique,Eibar,490,0,1,0,0
Nemanja Radoja,Levante,1993,1,0,3,0
Rafinha,Barcelona,186,0,0,0,0
Rafinha,Celta Vigo,2111,4,1,5,0
Baba Rahman,Mallorca,108,0,0,1,0
Antonio Raillo,Mallorca,2775,1,0,9,1
Ivan Rakitic,Barcelona,1589,1,3,5,0
Sandro Ramirez,Valladolid,1306,3,1,2,0
Ivan Ramis,Eibar,457,1,0,1,0
Adrian Ramos,Granada,226,0,0,0,0
Sergio Ramos,Real Madrid,3013,11,0,10,0
Raul,Betis,19,0,0,0,0
Recio,Leganes,1570,0,0,11,0
Sergio Reguilon,Sevilla,2509,2,4,8,0
Manolo Reina,Mallorca,3240,0,0,4,0
Alex Remiro,Real Sociedad,2250,0,0,0,0
Nico Ribaudo,Espanyol,182,0,0,1,0
Luis Rioja,Alaves,1634,0,0,3,0
Rodrigo Riquelme,Atletico Madrid,13,0,0,0,0
Cristian Rivera,Leganes,311,0,0,3,0
Rober,Levante,191,0,0,0,0
Roberto,Alaves,790,0,0,1,0
Sergi Roberto,Barcelona,2339,1,2,8,0
Joel Robles,Betis,2887,0,0,3,1
Marc Roca,Espanyol,3008,2,1,8,0
Ruben Rochina,Levante,1875,5,3,5,0
Rodrigo,Valencia,1880,4,7,2,1
Kevin Rodrigues,Real Sociedad,6,0,0,0,0
Kevin Rodrigues,Leganes,1931,1,2,6,1
Oscar Rodriguez Arnaiz,Leganes,1914,9,2,6,1
Angel Rodriguez,Getafe,1407,10,3,6,0
Dani Rodriguez,Mallorca,3039,5,2,7,0
Guido Rodriguez,Betis,936,1,0,5,0
James Rodriguez,Real Madrid,419,1,1,1,0
Mario Rodriguez,Granada,2,0,0,0,0
Rodrygo,Real Madrid,1019,2,0,0,0
Luka Romero,Mallorca,8,0,0,0,0
Facundo Roncaglia,Osasuna,1277,1,0,4,2
Roberto Rosales,Leganes,1871,0,1,7,0
Ruben,Osasuna,1583,0,0,0,0
Waldo Rubio,Valladolid,878,0,2,6,0
Aitor Ruibal,Leganes,1220,0,0,4,0
Jorge Saenz,Celta Vigo,371,0,0,3,1
Borja Sainz,Alaves,573,1,0,1,0
Yannis Salibur,Mallorca,82,0,0,0,0
Mohammed Salisu,Valladolid,2725,1,1,4,0
Fede San Emeterio,Valladolid,1751,0,0,4,0
Mikel San Jose,Athletic Club,359,0,0,3,0
Oihan Sancet,Athletic Club,741,1,1,1,0
German Sanchez,Granada,2293,2,0,12,1
Javi Sanchez,Valladolid,497,0,1,1,0
Manuel Sanchez,Atletico Madrid,325,0,0,1,0
Victor Sanchez,Espanyol,1688,0,1,11,1
Luca Sangalli,Real Sociedad,372,0,1,0,0
Oier Sanjurjo,Osasuna,2320,2,1,15,1
Ivan Saponjic,Atletico Madrid,6,0,0,0,0
Joan Sastre Vanrell,Mallorca,1360,0,2,4,0
Stefan Savic,Atletico Madrid,1980,0,0,6,0
Aleksandar Sedlar,Mallorca,814,0,0,3,1
Nelson Semedo,Barcelona,2097,1,2,2,0
Josep Senhe,Mallorca,150,0,0,0,0
Salva Sevilla,Mallorca,2568,5,3,10,1
Sidnei,Betis,1175,1,0,1,0
Jonathan Silva,Leganes,2785,1,2,13,1
Rui Silva,Granada,3150,0,0,3,0
Unai Simon,Athletic Club,2991,0,0,2,1
Dimitris Siovas,Leganes,1918,0,0,7,0
Pione Sisto,Celta Vigo,891,2,0,2,0
Antonio Sivera,Alaves,270,0,0,1,0
Fyodor Smolov,Celta Vigo,743,2,0,4,0
Rafa Soares,Eibar,435,0,0,1,0
Ruben Sobrino,Valencia,170,1,0,0,0
Roberto Soldado,Granada,2347,7,4,14,0
Carlos Soler,Valencia,2066,2,0,4,0
Kevin Soni,Espanyol,4,0,0,0,0
David Soria,Getafe,3420,0,0,2,0
Bruno Soriano,Villarreal,263,0,0,1,0
Juan Soriano,Leganes,990,0,0,2,0
Damian Suarez,Getafe,2592,1,4,15,0
Denis Suarez,Celta Vigo,1630,1,5,2,0
Luis Suarez,Barcelona,1998,16,8,4,0
Ki Sung-yueng,Mallorca,9,0,0,0,0
Suso,Sevilla,785,1,1,0,0
Tachi,Alaves,238,0,0,1,0
Rodrigo Tarin,Leganes,951,0,0,1,0
Alvaro Tejero,Eibar,1447,0,0,4,0
Cristian Tello,Betis,787,2,0,1,0
Marc-Andre ter Stegen,Barcelona,3240,0,2,1,0
David Timor,Getafe,943,3,0,4,0
Jean-Clair Todibo,Barcelona,77,0,0,0,0
Karl Toko Ekambi,Villarreal,993,6,2,0,0
Raul de Tomas,Espanyol,1075,4,0,5,0
Tonho,Levante,1589,0,2,2,0
Ferran Torres,Valencia,2251,4,5,5,0
Oliver Torres,Sevilla,1596,3,3,5,0
Pau Torres,Villarreal,2971,2,1,6,0
Roberto Torres,Osasuna,2717,7,8,1,0
Aleksandar Trajkovski,Mallorca,330,0,0,0,0
Manu Trigueros,Villarreal,1547,2,4,6,0
Kieran Trippier,Atletico Madrid,1979,0,4,2,0
Samuel Umtiti,Barcelona,949,0,0,6,0
Enes Unal,Valladolid,2344,6,2,4,0
Tomas Vaclik,Sevilla,2925,0,0,0,0
Alvaro Vadillo,Granada,1218,3,1,0,0
German Valera,Atletico Madrid,4,0,0,0,0
Martin Valjent,Mallorca,3182,0,0,6,0
Jesus Vallejo,Granada,629,0,0,1,0
Manu Vallejo,Valencia,418,2,0,0,0
Federico Valverde,Real Madrid,1907,2,5,1,0
Raphael Varane,Real Madrid,2822,3,1,2,0
Matias Vargas,Espanyol,1024,0,3,1,0
Franco Vazquez,Sevilla,1098,3,0,5,0
Kevin Vazquez,Celta Vigo,1325,0,0,6,0
Lucas Vazquez,Real Madrid,848,2,1,1,0
Koke Vegas,Levante,180,0,0,0,0
Unai Vencedor Paris,Athletic Club,73,0,0,1,0
Mikel Vesga,Athletic Club,1269,0,1,3,0
Ruben Vezo,Levante,2610,0,0,4,0
Fede Vico,Granada,876,2,1,1,0
Aleix Vidal,Alaves,2165,2,4,6,0
Arturo Vidal,Barcelona,1671,8,2,4,0
Nacho Vidal,Osasuna,2332,0,0,5,0
Didac Vila,Espanyol,2492,0,0,9,0
Toni Villa,Valladolid,1354,0,1,4,0
Asier Villalibre,Athletic Club,531,3,0,0,0
Ivan Villar,Celta Vigo,280,0,0,0,0
Juan Villar,Osasuna,240,1,0,1,0
Vitolo,Atletico Madrid,1227,3,2,3,0
Sime Vrsaljko,Atletico Madrid,362,0,1,3,0
Nikola Vukcevic,Levante,1569,0,2,11,0
Moussa Wague,Barcelona,90,0,0,0,0
Wakaso,Alaves,1283,0,0,12,1
Daniel Wass,Valencia,2733,1,6,7,0
Inhaki Williams,Athletic Club,2939,6,1,3,0
Yoel,Eibar,270,0,0,1,0
Okay Yokuslu,Celta Vigo,1973,0,2,6,0
Joseba Zaldua,Real Sociedad,2545,0,2,8,1
Andre-Frank Zambo Anguissa,Villarreal,2583,2,0,6,0
Igor Zubeldia,Real Sociedad,2640,0,1,9,0
Martin Zubimendi,Real Sociedad,594,0,0,3,0
David Zurutuza,Real Sociedad,157,0,0,0,0
Martin Odegaard,Real Sociedad,2527,4,6,3,0
